client_id,ext_dev_ref,date_local,total_kwh,mean_kwh,max_kwh,std_kwh,hourly_count,peak_hour,peak_kwh,peak_to_mean_ratio,night_kwh,day_kwh,cumulative_total_kwh,weekend_vs_weekday,month,season,is_holiday,is_summer_vacation,rolling_7d_total_kwh,rolling_30d_total_kwh,consumption_category
111111,ext_device_1,2021-12-31,200.0,100.0,100.0,0.0,2,22,100.0,1.0,0.0,200.0,200.0,0.08356164380070369,12,winter,0,0,200.0,200.0,high
111111,ext_device_1,2022-01-01,2400.0,100.0,100.0,0.0,24,0,100.0,1.0,700.0,600.0,2600.0,1.0027397256084443,1,winter,1,0,1300.0,1300.0,high
111111,ext_device_1,2022-01-02,2400.0,100.0,100.0,0.0,24,0,100.0,1.0,700.0,600.0,5000.0,1.0027397256084443,1,winter,0,0,1666.666667,1666.666667,high
111111,ext_device_1,2022-01-03,2400.0,100.0,100.0,0.0,24,0,100.0,1.0,700.0,600.0,7400.0,1.0027397256084443,1,winter,0,0,1850.0,1850.0,high
111111,ext_device_1,2022-01-04,2400.0,100.0,100.0,0.0,24,0,100.0,1.0,700.0,600.0,9800.0,1.0027397256084443,1,winter,0,0,1960.0,1960.0,high
111111,ext_device_1,2022-01-05,2400.0,100.0,100.0,0.0,24,0,100.0,1.0,700.0,600.0,12200.0,1.0027397256084443,1,winter,0,0,2033.333333,2033.333333,high
111111,ext_device_1,2022-01-06,2400.0,100.0,100.0,0.0,24,0,100.0,1.0,700.0,600.0,14600.0,1.0027397256084443,1,winter,0,0,2085.714286,2085.714286,high
111111,ext_device_1,2022-01-07,2400.0,100.0,100.0,0.0,24,0,100.0,1.0,700.0,600.0,17000.0,1.0027397256084443,1,winter,0,0,2400.0,2125.0,high
111111,ext_device_1,2022-01-08,2400.0,100.0,100.0,0.0,24,0,100.0,1.0,700.0,600.0,19400.0,1.0027397256084443,1,winter,0,0,2400.0,2155.555556,high
111111,ext_device_1,2022-01-09,2400.0,100.0,100.0,0.0,24,0,100.0,1.0,700.0,600.0,21800.0,1.0027397256084443,1,winter,0,0,2400.0,2180.0,high
111111,ext_device_1,2022-01-10,2400.0,100.0,100.0,0.0,24,0,100.0,1.0,700.0,600.0,24200.0,1.0027397256084443,1,winter,0,0,2400.0,2200.0,high
111111,ext_device_1,2022-01-11,2400.0,100.0,100.0,0.0,24,0,100.0,1.0,700.0,600.0,26600.0,1.0027397256084443,1,winter,0,0,2400.0,2216.666667,high
111111,ext_device_1,2022-01-12,2400.0,100.0,100.0,0.0,24,0,100.0,1.0,700.0,600.0,29000.0,1.0027397256084443,1,winter,0,0,2400.0,2230.769231,high
111111,ext_device_1,2022-01-13,2400.0,100.0,100.0,0.0,24,0,100.0,1.0,700.0,600.0,31400.0,1.0027397256084443,1,winter,0,0,2400.0,2242.857143,high
111111,ext_device_1,2022-01-14,2400.0,100.0,100.0,0.0,24,0,100.0,1.0,700.0,600.0,33800.0,1.0027397256084443,1,winter,0,0,2400.0,2253.333333,high
111111,ext_device_1,2022-01-15,2400.0,100.0,100.0,0.0,24,0,100.0,1.0,700.0,600.0,36200.0,1.0027397256084443,1,winter,0,0,2400.0,2262.5,high
111111,ext_device_1,2022-01-16,2400.0,100.0,100.0,0.0,24,0,100.0,1.0,700.0,600.0,38600.0,1.0027397256084443,1,winter,0,0,2400.0,2270.588235,high
111111,ext_device_1,2022-01-17,2400.0,100.0,100.0,0.0,24,0,100.0,1.0,700.0,600.0,41000.0,1.0027397256084443,1,winter,0,0,2400.0,2277.777778,high
111111,ext_device_1,2022-01-18,2400.0,100.0,100.0,0.0,24,0,100.0,1.0,700.0,600.0,43400.0,1.0027397256084443,1,winter,0,0,2400.0,2284.210526,high
111111,ext_device_1,2022-01-19,2400.0,100.0,100.0,0.0,24,0,100.0,1.0,700.0,600.0,45800.0,1.0027397256084443,1,winter,0,0,2400.0,2290.0,high
111111,ext_device_1,2022-01-20,2400.0,100.0,100.0,0.0,24,0,100.0,1.0,700.0,600.0,48200.0,1.0027397256084443,1,winter,0,0,2400.0,2295.238095,high
111111,ext_device_1,2022-01-21,2400.0,100.0,100.0,0.0,24,0,100.0,1.0,700.0,600.0,50600.0,1.0027397256084443,1,winter,0,0,2400.0,2300.0,high
111111,ext_device_1,2022-01-22,2400.0,100.0,100.0,0.0,24,0,100.0,1.0,700.0,600.0,53000.0,1.0027397256084443,1,winter,0,0,2400.0,2304.347826,high
111111,ext_device_1,2022-01-23,2400.0,100.0,100.0,0.0,24,0,100.0,1.0,700.0,600.0,55400.0,1.0027397256084443,1,winter,0,0,2400.0,2308.333333,high
111111,ext_device_1,2022-01-24,2400.0,100.0,100.0,0.0,24,0,100.0,1.0,700.0,600.0,57800.0,1.0027397256084443,1,winter,0,0,2400.0,2312.0,high
111111,ext_device_1,2022-01-25,2400.0,100.0,100.0,0.0,24,0,100.0,1.0,700.0,600.0,60200.0,1.0027397256084443,1,winter,0,0,2400.0,2315.384615,high
111111,ext_device_1,2022-01-26,2400.0,100.0,100.0,0.0,24,0,100.0,1.0,700.0,600.0,62600.0,1.0027397256084443,1,winter,0,0,2400.0,2318.518519,high
111111,ext_device_1,2022-01-27,2400.0,100.0,100.0,0.0,24,0,100.0,1.0,700.0,600.0,65000.0,1.0027397256084443,1,winter,0,0,2400.0,2321.428571,high
111111,ext_device_1,2022-01-28,2400.0,100.0,100.0,0.0,24,0,100.0,1.0,700.0,600.0,67400.0,1.0027397256084443,1,winter,0,0,2400.0,2324.137931,high
111111,ext_device_1,2022-01-29,2400.0,100.0,100.0,0.0,24,0,100.0,1.0,700.0,600.0,69800.0,1.0027397256084443,1,winter,0,0,2400.0,2326.666667,high
111111,ext_device_1,2022-01-30,2400.0,100.0,100.0,0.0,24,0,100.0,1.0,700.0,600.0,72200.0,1.0027397256084443,1,winter,0,0,2400.0,2400.0,high
111111,ext_device_1,2022-01-31,2400.0,100.0,100.0,0.0,24,0,100.0,1.0,700.0,600.0,74600.0,1.0027397256084443,1,winter,0,0,2400.0,2400.0,high
111111,ext_device_1,2022-02-01,2400.0,100.0,100.0,0.0,24,0,100.0,1.0,700.0,600.0,77000.0,1.0027397256084443,2,winter,0,0,2400.0,2400.0,high
111111,ext_device_1,2022-02-02,2400.0,100.0,100.0,0.0,24,0,100.0,1.0,700.0,600.0,79400.0,1.0027397256084443,2,winter,0,0,2400.0,2400.0,high
111111,ext_device_1,2022-02-03,2400.0,100.0,100.0,0.0,24,0,100.0,1.0,700.0,600.0,81800.0,1.0027397256084443,2,winter,0,0,2400.0,2400.0,high
111111,ext_device_1,2022-02-04,2400.0,100.0,100.0,0.0,24,0,100.0,1.0,700.0,600.0,84200.0,1.0027397256084443,2,winter,0,0,2400.0,2400.0,high
111111,ext_device_1,2022-02-05,2400.0,100.0,100.0,0.0,24,0,100.0,1.0,700.0,600.0,86600.0,1.0027397256084443,2,winter,0,0,2400.0,2400.0,high
111111,ext_device_1,2022-02-06,2400.0,100.0,100.0,0.0,24,0,100.0,1.0,700.0,600.0,89000.0,1.0027397256084443,2,winter,0,0,2400.0,2400.0,high
111111,ext_device_1,2022-02-07,2400.0,100.0,100.0,0.0,24,0,100.0,1.0,700.0,600.0,91400.0,1.0027397256084443,2,winter,0,0,2400.0,2400.0,high
111111,ext_device_1,2022-02-08,2400.0,100.0,100.0,0.0,24,0,100.0,1.0,700.0,600.0,93800.0,1.0027397256084443,2,winter,0,0,2400.0,2400.0,high
111111,ext_device_1,2022-02-09,2400.0,100.0,100.0,0.0,24,0,100.0,1.0,700.0,600.0,96200.0,1.0027397256084443,2,winter,0,0,2400.0,2400.0,high
111111,ext_device_1,2022-02-10,2400.0,100.0,100.0,0.0,24,0,100.0,1.0,700.0,600.0,98600.0,1.0027397256084443,2,winter,0,0,2400.0,2400.0,high
111111,ext_device_1,2022-02-11,2400.0,100.0,100.0,0.0,24,0,100.0,1.0,700.0,600.0,101000.0,1.0027397256084443,2,winter,0,0,2400.0,2400.0,high
111111,ext_device_1,2022-02-12,2400.0,100.0,100.0,0.0,24,0,100.0,1.0,700.0,600.0,103400.0,1.0027397256084443,2,winter,0,0,2400.0,2400.0,high
111111,ext_device_1,2022-02-13,2400.0,100.0,100.0,0.0,24,0,100.0,1.0,700.0,600.0,105800.0,1.0027397256084443,2,winter,0,0,2400.0,2400.0,high
111111,ext_device_1,2022-02-14,2400.0,100.0,100.0,0.0,24,0,100.0,1.0,700.0,600.0,108200.0,1.0027397256084443,2,winter,0,0,2400.0,2400.0,high
111111,ext_device_1,2022-02-15,2400.0,100.0,100.0,0.0,24,0,100.0,1.0,700.0,600.0,110600.0,1.0027397256084443,2,winter,0,0,2400.0,2400.0,high
111111,ext_device_1,2022-02-16,2400.0,100.0,100.0,0.0,24,0,100.0,1.0,700.0,600.0,113000.0,1.0027397256084443,2,winter,1,0,2400.0,2400.0,high
111111,ext_device_1,2022-02-17,2400.0,100.0,100.0,0.0,24,0,100.0,1.0,700.0,600.0,115400.0,1.0027397256084443,2,winter,0,0,2400.0,2400.0,high
111111,ext_device_1,2022-02-18,2400.0,100.0,100.0,0.0,24,0,100.0,1.0,700.0,600.0,117800.0,1.0027397256084443,2,winter,0,0,2400.0,2400.0,high
111111,ext_device_1,2022-02-19,2400.0,100.0,100.0,0.0,24,0,100.0,1.0,700.0,600.0,120200.0,1.0027397256084443,2,winter,0,0,2400.0,2400.0,high
111111,ext_device_1,2022-02-20,2400.0,100.0,100.0,0.0,24,0,100.0,1.0,700.0,600.0,122600.0,1.0027397256084443,2,winter,0,0,2400.0,2400.0,high
111111,ext_device_1,2022-02-21,2400.0,100.0,100.0,0.0,24,0,100.0,1.0,700.0,600.0,125000.0,1.0027397256084443,2,winter,0,0,2400.0,2400.0,high
111111,ext_device_1,2022-02-22,2400.0,100.0,100.0,0.0,24,0,100.0,1.0,700.0,600.0,127400.0,1.0027397256084443,2,winter,0,0,2400.0,2400.0,high
111111,ext_device_1,2022-02-23,2400.0,100.0,100.0,0.0,24,0,100.0,1.0,700.0,600.0,129800.0,1.0027397256084443,2,winter,0,0,2400.0,2400.0,high
111111,ext_device_1,2022-02-24,2400.0,100.0,100.0,0.0,24,0,100.0,1.0,700.0,600.0,132200.0,1.0027397256084443,2,winter,0,0,2400.0,2400.0,high
111111,ext_device_1,2022-02-25,2400.0,100.0,100.0,0.0,24,0,100.0,1.0,700.0,600.0,134600.0,1.0027397256084443,2,winter,0,0,2400.0,2400.0,high
111111,ext_device_1,2022-02-26,2400.0,100.0,100.0,0.0,24,0,100.0,1.0,700.0,600.0,137000.0,1.0027397256084443,2,winter,0,0,2400.0,2400.0,high
111111,ext_device_1,2022-02-27,2400.0,100.0,100.0,0.0,24,0,100.0,1.0,700.0,600.0,139400.0,1.0027397256084443,2,winter,0,0,2400.0,2400.0,high
111111,ext_device_1,2022-02-28,2400.0,100.0,100.0,0.0,24,0,100.0,1.0,700.0,600.0,141800.0,1.0027397256084443,2,winter,0,0,2400.0,2400.0,high
111111,ext_device_1,2022-03-01,2400.0,100.0,100.0,0.0,24,0,100.0,1.0,700.0,600.0,144200.0,1.0027397256084443,3,spring,0,0,2400.0,2400.0,high
111111,ext_device_1,2022-03-02,2400.0,100.0,100.0,0.0,24,0,100.0,1.0,700.0,600.0,146600.0,1.0027397256084443,3,spring,0,0,2400.0,2400.0,high
111111,ext_device_1,2022-03-03,2400.0,100.0,100.0,0.0,24,0,100.0,1.0,700.0,600.0,149000.0,1.0027397256084443,3,spring,0,0,2400.0,2400.0,high
111111,ext_device_1,2022-03-04,2400.0,100.0,100.0,0.0,24,0,100.0,1.0,700.0,600.0,151400.0,1.0027397256084443,3,spring,0,0,2400.0,2400.0,high
111111,ext_device_1,2022-03-05,2400.0,100.0,100.0,0.0,24,0,100.0,1.0,700.0,600.0,153800.0,1.0027397256084443,3,spring,0,0,2400.0,2400.0,high
111111,ext_device_1,2022-03-06,2400.0,100.0,100.0,0.0,24,0,100.0,1.0,700.0,600.0,156200.0,1.0027397256084443,3,spring,0,0,2400.0,2400.0,high
111111,ext_device_1,2022-03-07,2400.0,100.0,100.0,0.0,24,0,100.0,1.0,700.0,600.0,158600.0,1.0027397256084443,3,spring,0,0,2400.0,2400.0,high
111111,ext_device_1,2022-03-08,2400.0,100.0,100.0,0.0,24,0,100.0,1.0,700.0,600.0,161000.0,1.0027397256084443,3,spring,0,0,2400.0,2400.0,high
111111,ext_device_1,2022-03-09,2400.0,100.0,100.0,0.0,24,0,100.0,1.0,700.0,600.0,163400.0,1.0027397256084443,3,spring,0,0,2400.0,2400.0,high
111111,ext_device_1,2022-03-10,2400.0,100.0,100.0,0.0,24,0,100.0,1.0,700.0,600.0,165800.0,1.0027397256084443,3,spring,0,0,2400.0,2400.0,high
111111,ext_device_1,2022-03-11,2400.0,100.0,100.0,0.0,24,0,100.0,1.0,700.0,600.0,168200.0,1.0027397256084443,3,spring,1,0,2400.0,2400.0,high
111111,ext_device_1,2022-03-12,2400.0,100.0,100.0,0.0,24,0,100.0,1.0,700.0,600.0,170600.0,1.0027397256084443,3,spring,0,0,2400.0,2400.0,high
111111,ext_device_1,2022-03-13,2400.0,100.0,100.0,0.0,24,0,100.0,1.0,700.0,600.0,173000.0,1.0027397256084443,3,spring,0,0,2400.0,2400.0,high
111111,ext_device_1,2022-03-14,2400.0,100.0,100.0,0.0,24,0,100.0,1.0,700.0,600.0,175400.0,1.0027397256084443,3,spring,0,0,2400.0,2400.0,high
111111,ext_device_1,2022-03-15,2400.0,100.0,100.0,0.0,24,0,100.0,1.0,700.0,600.0,177800.0,1.0027397256084443,3,spring,0,0,2400.0,2400.0,high
111111,ext_device_1,2022-03-16,2400.0,100.0,100.0,0.0,24,0,100.0,1.0,700.0,600.0,180200.0,1.0027397256084443,3,spring,0,0,2400.0,2400.0,high
111111,ext_device_1,2022-03-17,2400.0,100.0,100.0,0.0,24,0,100.0,1.0,700.0,600.0,182600.0,1.0027397256084443,3,spring,0,0,2400.0,2400.0,high
111111,ext_device_1,2022-03-18,2400.0,100.0,100.0,0.0,24,0,100.0,1.0,700.0,600.0,185000.0,1.0027397256084443,3,spring,0,0,2400.0,2400.0,high
111111,ext_device_1,2022-03-19,2400.0,100.0,100.0,0.0,24,0,100.0,1.0,700.0,600.0,187400.0,1.0027397256084443,3,spring,0,0,2400.0,2400.0,high
111111,ext_device_1,2022-03-20,2400.0,100.0,100.0,0.0,24,0,100.0,1.0,700.0,600.0,189800.0,1.0027397256084443,3,spring,0,0,2400.0,2400.0,high
111111,ext_device_1,2022-03-21,2400.0,100.0,100.0,0.0,24,0,100.0,1.0,700.0,600.0,192200.0,1.0027397256084443,3,spring,0,0,2400.0,2400.0,high
111111,ext_device_1,2022-03-22,2400.0,100.0,100.0,0.0,24,0,100.0,1.0,700.0,600.0,194600.0,1.0027397256084443,3,spring,0,0,2400.0,2400.0,high
111111,ext_device_1,2022-03-23,2400.0,100.0,100.0,0.0,24,0,100.0,1.0,700.0,600.0,197000.0,1.0027397256084443,3,spring,0,0,2400.0,2400.0,high
111111,ext_device_1,2022-03-24,2400.0,100.0,100.0,0.0,24,0,100.0,1.0,700.0,600.0,199400.0,1.0027397256084443,3,spring,0,0,2400.0,2400.0,high
111111,ext_device_1,2022-03-25,2400.0,100.0,100.0,0.0,24,0,100.0,1.0,700.0,600.0,201800.0,1.0027397256084443,3,spring,0,0,2400.0,2400.0,high
111111,ext_device_1,2022-03-26,2400.0,100.0,100.0,0.0,24,0,100.0,1.0,700.0,600.0,204200.0,1.0027397256084443,3,spring,0,0,2400.0,2400.0,high
111111,ext_device_1,2022-03-27,2400.0,100.0,100.0,0.0,24,0,100.0,1.0,600.0,700.0,206600.0,1.0027397256084443,3,spring,0,0,2400.0,2400.0,high
111111,ext_device_1,2022-03-28,2400.0,100.0,100.0,0.0,24,0,100.0,1.0,700.0,600.0,209000.0,1.0027397256084443,3,spring,0,0,2400.0,2400.0,high
111111,ext_device_1,2022-03-29,2400.0,100.0,100.0,0.0,24,0,100.0,1.0,700.0,600.0,211400.0,1.0027397256084443,3,spring,0,0,2400.0,2400.0,high
111111,ext_device_1,2022-03-30,2400.0,100.0,100.0,0.0,24,0,100.0,1.0,700.0,600.0,213800.0,1.0027397256084443,3,spring,0,0,2400.0,2400.0,high
111111,ext_device_1,2022-03-31,2400.0,100.0,100.0,0.0,24,0,100.0,1.0,700.0,600.0,216200.0,1.0027397256084443,3,spring,0,0,2400.0,2400.0,high
111111,ext_device_1,2022-04-01,2400.0,100.0,100.0,0.0,24,0,100.0,1.0,700.0,600.0,218600.0,1.0027397256084443,4,spring,0,0,2400.0,2400.0,high
111111,ext_device_1,2022-04-02,2400.0,100.0,100.0,0.0,24,0,100.0,1.0,700.0,600.0,221000.0,1.0027397256084443,4,spring,0,0,2400.0,2400.0,high
111111,ext_device_1,2022-04-03,2400.0,100.0,100.0,0.0,24,0,100.0,1.0,700.0,600.0,223400.0,1.0027397256084443,4,spring,0,0,2400.0,2400.0,high
111111,ext_device_1,2022-04-04,2400.0,100.0,100.0,0.0,24,0,100.0,1.0,700.0,600.0,225800.0,1.0027397256084443,4,spring,0,0,2400.0,2400.0,high
111111,ext_device_1,2022-04-05,2400.0,100.0,100.0,0.0,24,0,100.0,1.0,700.0,600.0,228200.0,1.0027397256084443,4,spring,0,0,2400.0,2400.0,high
111111,ext_device_1,2022-04-06,2400.0,100.0,100.0,0.0,24,0,100.0,1.0,700.0,600.0,230600.0,1.0027397256084443,4,spring,0,0,2400.0,2400.0,high
111111,ext_device_1,2022-04-07,2400.0,100.0,100.0,0.0,24,0,100.0,1.0,700.0,600.0,233000.0,1.0027397256084443,4,spring,0,0,2400.0,2400.0,high
111111,ext_device_1,2022-04-08,2400.0,100.0,100.0,0.0,24,0,100.0,1.0,700.0,600.0,235400.0,1.0027397256084443,4,spring,0,0,2400.0,2400.0,high
111111,ext_device_1,2022-04-09,2400.0,100.0,100.0,0.0,24,0,100.0,1.0,700.0,600.0,237800.0,1.0027397256084443,4,spring,0,0,2400.0,2400.0,high
111111,ext_device_1,2022-04-10,2400.0,100.0,100.0,0.0,24,0,100.0,1.0,700.0,600.0,240200.0,1.0027397256084443,4,spring,0,0,2400.0,2400.0,high
111111,ext_device_1,2022-04-11,2400.0,100.0,100.0,0.0,24,0,100.0,1.0,700.0,600.0,242600.0,1.0027397256084443,4,spring,0,0,2400.0,2400.0,high
111111,ext_device_1,2022-04-12,2400.0,100.0,100.0,0.0,24,0,100.0,1.0,700.0,600.0,245000.0,1.0027397256084443,4,spring,0,0,2400.0,2400.0,high
111111,ext_device_1,2022-04-13,2400.0,100.0,100.0,0.0,24,0,100.0,1.0,700.0,600.0,247400.0,1.0027397256084443,4,spring,0,0,2400.0,2400.0,high
111111,ext_device_1,2022-04-14,2400.0,100.0,100.0,0.0,24,0,100.0,1.0,700.0,600.0,249800.0,1.0027397256084443,4,spring,0,0,2400.0,2400.0,high
111111,ext_device_1,2022-04-15,2400.0,100.0,100.0,0.0,24,0,100.0,1.0,700.0,600.0,252200.0,1.0027397256084443,4,spring,0,0,2400.0,2400.0,high
111111,ext_device_1,2022-04-16,2400.0,100.0,100.0,0.0,24,0,100.0,1.0,700.0,600.0,254600.0,1.0027397256084443,4,spring,0,0,2400.0,2400.0,high
111111,ext_device_1,2022-04-17,2400.0,100.0,100.0,0.0,24,0,100.0,1.0,700.0,600.0,257000.0,1.0027397256084443,4,spring,1,0,2400.0,2400.0,high
111111,ext_device_1,2022-04-18,2400.0,100.0,100.0,0.0,24,0,100.0,1.0,700.0,600.0,259400.0,1.0027397256084443,4,spring,1,0,2400.0,2400.0,high
111111,ext_device_1,2022-04-19,2400.0,100.0,100.0,0.0,24,0,100.0,1.0,700.0,600.0,261800.0,1.0027397256084443,4,spring,0,0,2400.0,2400.0,high
111111,ext_device_1,2022-04-20,2400.0,100.0,100.0,0.0,24,0,100.0,1.0,700.0,600.0,264200.0,1.0027397256084443,4,spring,0,0,2400.0,2400.0,high
111111,ext_device_1,2022-04-21,2400.0,100.0,100.0,0.0,24,0,100.0,1.0,700.0,600.0,266600.0,1.0027397256084443,4,spring,0,0,2400.0,2400.0,high
111111,ext_device_1,2022-04-22,2400.0,100.0,100.0,0.0,24,0,100.0,1.0,700.0,600.0,269000.0,1.0027397256084443,4,spring,0,0,2400.0,2400.0,high
111111,ext_device_1,2022-04-23,2400.0,100.0,100.0,0.0,24,0,100.0,1.0,700.0,600.0,271400.0,1.0027397256084443,4,spring,0,0,2400.0,2400.0,high
111111,ext_device_1,2022-04-24,2400.0,100.0,100.0,0.0,24,0,100.0,1.0,700.0,600.0,273800.0,1.0027397256084443,4,spring,0,0,2400.0,2400.0,high
111111,ext_device_1,2022-04-25,2400.0,100.0,100.0,0.0,24,0,100.0,1.0,700.0,600.0,276200.0,1.0027397256084443,4,spring,0,0,2400.0,2400.0,high
111111,ext_device_1,2022-04-26,2400.0,100.0,100.0,0.0,24,0,100.0,1.0,700.0,600.0,278600.0,1.0027397256084443,4,spring,0,0,2400.0,2400.0,high
111111,ext_device_1,2022-04-27,2400.0,100.0,100.0,0.0,24,0,100.0,1.0,700.0,600.0,281000.0,1.0027397256084443,4,spring,0,0,2400.0,2400.0,high
111111,ext_device_1,2022-04-28,2400.0,100.0,100.0,0.0,24,0,100.0,1.0,700.0,600.0,283400.0,1.0027397256084443,4,spring,0,0,2400.0,2400.0,high
111111,ext_device_1,2022-04-29,2400.0,100.0,100.0,0.0,24,0,100.0,1.0,700.0,600.0,285800.0,1.0027397256084443,4,spring,0,0,2400.0,2400.0,high
111111,ext_device_1,2022-04-30,2400.0,100.0,100.0,0.0,24,0,100.0,1.0,700.0,600.0,288200.0,1.0027397256084443,4,spring,0,0,2400.0,2400.0,high
111111,ext_device_1,2022-05-01,2400.0,100.0,100.0,0.0,24,0,100.0,1.0,700.0,600.0,290600.0,1.0027397256084443,5,spring,1,0,2400.0,2400.0,high
111111,ext_device_1,2022-05-02,2400.0,100.0,100.0,0.0,24,0,100.0,1.0,700.0,600.0,293000.0,1.0027397256084443,5,spring,0,0,2400.0,2400.0,high
111111,ext_device_1,2022-05-03,2400.0,100.0,100.0,0.0,24,0,100.0,1.0,700.0,600.0,295400.0,1.0027397256084443,5,spring,0,0,2400.0,2400.0,high
111111,ext_device_1,2022-05-04,2400.0,100.0,100.0,0.0,24,0,100.0,1.0,700.0,600.0,297800.0,1.0027397256084443,5,spring,0,0,2400.0,2400.0,high
111111,ext_device_1,2022-05-05,2400.0,100.0,100.0,0.0,24,0,100.0,1.0,700.0,600.0,300200.0,1.0027397256084443,5,spring,0,0,2400.0,2400.0,high
111111,ext_device_1,2022-05-06,2400.0,100.0,100.0,0.0,24,0,100.0,1.0,700.0,600.0,302600.0,1.0027397256084443,5,spring,0,0,2400.0,2400.0,high
111111,ext_device_1,2022-05-07,2400.0,100.0,100.0,0.0,24,0,100.0,1.0,700.0,600.0,305000.0,1.0027397256084443,5,spring,0,0,2400.0,2400.0,high
111111,ext_device_1,2022-05-08,2400.0,100.0,100.0,0.0,24,0,100.0,1.0,700.0,600.0,307400.0,1.0027397256084443,5,spring,0,0,2400.0,2400.0,high
111111,ext_device_1,2022-05-09,2400.0,100.0,100.0,0.0,24,0,100.0,1.0,700.0,600.0,309800.0,1.0027397256084443,5,spring,0,0,2400.0,2400.0,high
111111,ext_device_1,2022-05-10,2400.0,100.0,100.0,0.0,24,0,100.0,1.0,700.0,600.0,312200.0,1.0027397256084443,5,spring,0,0,2400.0,2400.0,high
111111,ext_device_1,2022-05-11,2400.0,100.0,100.0,0.0,24,0,100.0,1.0,700.0,600.0,314600.0,1.0027397256084443,5,spring,0,0,2400.0,2400.0,high
111111,ext_device_1,2022-05-12,2400.0,100.0,100.0,0.0,24,0,100.0,1.0,700.0,600.0,317000.0,1.0027397256084443,5,spring,0,0,2400.0,2400.0,high
111111,ext_device_1,2022-05-13,2400.0,100.0,100.0,0.0,24,0,100.0,1.0,700.0,600.0,319400.0,1.0027397256084443,5,spring,0,0,2400.0,2400.0,high
111111,ext_device_1,2022-05-14,2400.0,100.0,100.0,0.0,24,0,100.0,1.0,700.0,600.0,321800.0,1.0027397256084443,5,spring,0,0,2400.0,2400.0,high
111111,ext_device_1,2022-05-15,2400.0,100.0,100.0,0.0,24,0,100.0,1.0,700.0,600.0,324200.0,1.0027397256084443,5,spring,0,0,2400.0,2400.0,high
111111,ext_device_1,2022-05-16,2400.0,100.0,100.0,0.0,24,0,100.0,1.0,700.0,600.0,326600.0,1.0027397256084443,5,spring,0,0,2400.0,2400.0,high
111111,ext_device_1,2022-05-17,2400.0,100.0,100.0,0.0,24,0,100.0,1.0,700.0,600.0,329000.0,1.0027397256084443,5,spring,0,0,2400.0,2400.0,high
111111,ext_device_1,2022-05-18,2400.0,100.0,100.0,0.0,24,0,100.0,1.0,700.0,600.0,331400.0,1.0027397256084443,5,spring,0,0,2400.0,2400.0,high
111111,ext_device_1,2022-05-19,2400.0,100.0,100.0,0.0,24,0,100.0,1.0,700.0,600.0,333800.0,1.0027397256084443,5,spring,0,0,2400.0,2400.0,high
111111,ext_device_1,2022-05-20,2400.0,100.0,100.0,0.0,24,0,100.0,1.0,700.0,600.0,336200.0,1.0027397256084443,5,spring,0,0,2400.0,2400.0,high
111111,ext_device_1,2022-05-21,2400.0,100.0,100.0,0.0,24,0,100.0,1.0,700.0,600.0,338600.0,1.0027397256084443,5,spring,0,0,2400.0,2400.0,high
111111,ext_device_1,2022-05-22,2400.0,100.0,100.0,0.0,24,0,100.0,1.0,700.0,600.0,341000.0,1.0027397256084443,5,spring,0,0,2400.0,2400.0,high
111111,ext_device_1,2022-05-23,2400.0,100.0,100.0,0.0,24,0,100.0,1.0,700.0,600.0,343400.0,1.0027397256084443,5,spring,0,0,2400.0,2400.0,high
111111,ext_device_1,2022-05-24,2400.0,100.0,100.0,0.0,24,0,100.0,1.0,700.0,600.0,345800.0,1.0027397256084443,5,spring,0,0,2400.0,2400.0,high
111111,ext_device_1,2022-05-25,2400.0,100.0,100.0,0.0,24,0,100.0,1.0,700.0,600.0,348200.0,1.0027397256084443,5,spring,0,0,2400.0,2400.0,high
111111,ext_device_1,2022-05-26,2400.0,100.0,100.0,0.0,24,0,100.0,1.0,700.0,600.0,350600.0,1.0027397256084443,5,spring,0,0,2400.0,2400.0,high
111111,ext_device_1,2022-05-27,2400.0,100.0,100.0,0.0,24,0,100.0,1.0,700.0,600.0,353000.0,1.0027397256084443,5,spring,0,0,2400.0,2400.0,high
111111,ext_device_1,2022-05-28,2400.0,100.0,100.0,0.0,24,0,100.0,1.0,700.0,600.0,355400.0,1.0027397256084443,5,spring,0,0,2400.0,2400.0,high
111111,ext_device_1,2022-05-29,2400.0,100.0,100.0,0.0,24,0,100.0,1.0,700.0,600.0,357800.0,1.0027397256084443,5,spring,0,0,2400.0,2400.0,high
111111,ext_device_1,2022-05-30,2400.0,100.0,100.0,0.0,24,0,100.0,1.0,700.0,600.0,360200.0,1.0027397256084443,5,spring,0,0,2400.0,2400.0,high
111111,ext_device_1,2022-05-31,2400.0,100.0,100.0,0.0,24,0,100.0,1.0,700.0,600.0,362600.0,1.0027397256084443,5,spring,0,0,2400.0,2400.0,high
111111,ext_device_1,2022-06-01,2400.0,100.0,100.0,0.0,24,0,100.0,1.0,700.0,600.0,365000.0,1.0027397256084443,6,summer,0,0,2400.0,2400.0,high
111111,ext_device_1,2022-06-02,2400.0,100.0,100.0,0.0,24,0,100.0,1.0,700.0,600.0,367400.0,1.0027397256084443,6,summer,0,0,2400.0,2400.0,high
111111,ext_device_1,2022-06-03,2400.0,100.0,100.0,0.0,24,0,100.0,1.0,700.0,600.0,369800.0,1.0027397256084443,6,summer,0,0,2400.0,2400.0,high
111111,ext_device_1,2022-06-04,2400.0,100.0,100.0,0.0,24,0,100.0,1.0,700.0,600.0,372200.0,1.0027397256084443,6,summer,0,0,2400.0,2400.0,high
111111,ext_device_1,2022-06-05,2400.0,100.0,100.0,0.0,24,0,100.0,1.0,700.0,600.0,374600.0,1.0027397256084443,6,summer,1,0,2400.0,2400.0,high
111111,ext_device_1,2022-06-06,2400.0,100.0,100.0,0.0,24,0,100.0,1.0,700.0,600.0,377000.0,1.0027397256084443,6,summer,0,0,2400.0,2400.0,high
111111,ext_device_1,2022-06-07,2400.0,100.0,100.0,0.0,24,0,100.0,1.0,700.0,600.0,379400.0,1.0027397256084443,6,summer,0,0,2400.0,2400.0,high
111111,ext_device_1,2022-06-08,2400.0,100.0,100.0,0.0,24,0,100.0,1.0,700.0,600.0,381800.0,1.0027397256084443,6,summer,0,0,2400.0,2400.0,high
111111,ext_device_1,2022-06-09,2400.0,100.0,100.0,0.0,24,0,100.0,1.0,700.0,600.0,384200.0,1.0027397256084443,6,summer,0,0,2400.0,2400.0,high
111111,ext_device_1,2022-06-10,2400.0,100.0,100.0,0.0,24,0,100.0,1.0,700.0,600.0,386600.0,1.0027397256084443,6,summer,0,0,2400.0,2400.0,high
111111,ext_device_1,2022-06-11,2400.0,100.0,100.0,0.0,24,0,100.0,1.0,700.0,600.0,389000.0,1.0027397256084443,6,summer,0,0,2400.0,2400.0,high
111111,ext_device_1,2022-06-12,2400.0,100.0,100.0,0.0,24,0,100.0,1.0,700.0,600.0,391400.0,1.0027397256084443,6,summer,0,0,2400.0,2400.0,high
111111,ext_device_1,2022-06-13,2400.0,100.0,100.0,0.0,24,0,100.0,1.0,700.0,600.0,393800.0,1.0027397256084443,6,summer,0,0,2400.0,2400.0,high
111111,ext_device_1,2022-06-14,2400.0,100.0,100.0,0.0,24,0,100.0,1.0,700.0,600.0,396200.0,1.0027397256084443,6,summer,0,0,2400.0,2400.0,high
111111,ext_device_1,2022-06-15,2400.0,100.0,100.0,0.0,24,0,100.0,1.0,700.0,600.0,398600.0,1.0027397256084443,6,summer,0,0,2400.0,2400.0,high
111111,ext_device_1,2022-06-16,2400.0,100.0,100.0,0.0,24,0,100.0,1.0,700.0,600.0,401000.0,1.0027397256084443,6,summer,0,0,2400.0,2400.0,high
111111,ext_device_1,2022-06-17,2400.0,100.0,100.0,0.0,24,0,100.0,1.0,700.0,600.0,403400.0,1.0027397256084443,6,summer,0,0,2400.0,2400.0,high
111111,ext_device_1,2022-06-18,2400.0,100.0,100.0,0.0,24,0,100.0,1.0,700.0,600.0,405800.0,1.0027397256084443,6,summer,0,0,2400.0,2400.0,high
111111,ext_device_1,2022-06-19,2400.0,100.0,100.0,0.0,24,0,100.0,1.0,700.0,600.0,408200.0,1.0027397256084443,6,summer,0,0,2400.0,2400.0,high
111111,ext_device_1,2022-06-20,2400.0,100.0,100.0,0.0,24,0,100.0,1.0,700.0,600.0,410600.0,1.0027397256084443,6,summer,0,0,2400.0,2400.0,high
111111,ext_device_1,2022-06-21,2400.0,100.0,100.0,0.0,24,0,100.0,1.0,700.0,600.0,413000.0,1.0027397256084443,6,summer,0,0,2400.0,2400.0,high
111111,ext_device_1,2022-06-22,2400.0,100.0,100.0,0.0,24,0,100.0,1.0,700.0,600.0,415400.0,1.0027397256084443,6,summer,0,0,2400.0,2400.0,high
111111,ext_device_1,2022-06-23,2400.0,100.0,100.0,0.0,24,0,100.0,1.0,700.0,600.0,417800.0,1.0027397256084443,6,summer,0,0,2400.0,2400.0,high
111111,ext_device_1,2022-06-24,2400.0,100.0,100.0,0.0,24,0,100.0,1.0,700.0,600.0,420200.0,1.0027397256084443,6,summer,1,0,2400.0,2400.0,high
111111,ext_device_1,2022-06-25,2400.0,100.0,100.0,0.0,24,0,100.0,1.0,700.0,600.0,422600.0,1.0027397256084443,6,summer,0,0,2400.0,2400.0,high
111111,ext_device_1,2022-06-26,2400.0,100.0,100.0,0.0,24,0,100.0,1.0,700.0,600.0,425000.0,1.0027397256084443,6,summer,0,0,2400.0,2400.0,high
111111,ext_device_1,2022-06-27,2400.0,100.0,100.0,0.0,24,0,100.0,1.0,700.0,600.0,427400.0,1.0027397256084443,6,summer,0,0,2400.0,2400.0,high
111111,ext_device_1,2022-06-28,2400.0,100.0,100.0,0.0,24,0,100.0,1.0,700.0,600.0,429800.0,1.0027397256084443,6,summer,0,0,2400.0,2400.0,high
111111,ext_device_1,2022-06-29,2400.0,100.0,100.0,0.0,24,0,100.0,1.0,700.0,600.0,432200.0,1.0027397256084443,6,summer,0,0,2400.0,2400.0,high
111111,ext_device_1,2022-06-30,2400.0,100.0,100.0,0.0,24,0,100.0,1.0,700.0,600.0,434600.0,1.0027397256084443,6,summer,0,0,2400.0,2400.0,high
111111,ext_device_1,2022-07-01,2400.0,100.0,100.0,0.0,24,0,100.0,1.0,700.0,600.0,437000.0,1.0027397256084443,7,summer,0,1,2400.0,2400.0,high
111111,ext_device_1,2022-07-02,2400.0,100.0,100.0,0.0,24,0,100.0,1.0,700.0,600.0,439400.0,1.0027397256084443,7,summer,0,1,2400.0,2400.0,high
111111,ext_device_1,2022-07-03,2400.0,100.0,100.0,0.0,24,0,100.0,1.0,700.0,600.0,441800.0,1.0027397256084443,7,summer,0,1,2400.0,2400.0,high
111111,ext_device_1,2022-07-04,2400.0,100.0,100.0,0.0,24,0,100.0,1.0,700.0,600.0,444200.0,1.0027397256084443,7,summer,0,1,2400.0,2400.0,high
111111,ext_device_1,2022-07-05,2400.0,100.0,100.0,0.0,24,0,100.0,1.0,700.0,600.0,446600.0,1.0027397256084443,7,summer,0,1,2400.0,2400.0,high
111111,ext_device_1,2022-07-06,2400.0,100.0,100.0,0.0,24,0,100.0,1.0,700.0,600.0,449000.0,1.0027397256084443,7,summer,1,1,2400.0,2400.0,high
111111,ext_device_1,2022-07-07,2400.0,100.0,100.0,0.0,24,0,100.0,1.0,700.0,600.0,451400.0,1.0027397256084443,7,summer,0,1,2400.0,2400.0,high
111111,ext_device_1,2022-07-08,2400.0,100.0,100.0,0.0,24,0,100.0,1.0,700.0,600.0,453800.0,1.0027397256084443,7,summer,0,1,2400.0,2400.0,high
111111,ext_device_1,2022-07-09,2400.0,100.0,100.0,0.0,24,0,100.0,1.0,700.0,600.0,456200.0,1.0027397256084443,7,summer,0,1,2400.0,2400.0,high
111111,ext_device_1,2022-07-10,2400.0,100.0,100.0,0.0,24,0,100.0,1.0,700.0,600.0,458600.0,1.0027397256084443,7,summer,0,1,2400.0,2400.0,high
111111,ext_device_1,2022-07-11,2400.0,100.0,100.0,0.0,24,0,100.0,1.0,700.0,600.0,461000.0,1.0027397256084443,7,summer,0,1,2400.0,2400.0,high
111111,ext_device_1,2022-07-12,2400.0,100.0,100.0,0.0,24,0,100.0,1.0,700.0,600.0,463400.0,1.0027397256084443,7,summer,0,1,2400.0,2400.0,high
111111,ext_device_1,2022-07-13,2400.0,100.0,100.0,0.0,24,0,100.0,1.0,700.0,600.0,465800.0,1.0027397256084443,7,summer,0,1,2400.0,2400.0,high
111111,ext_device_1,2022-07-14,2400.0,100.0,100.0,0.0,24,0,100.0,1.0,700.0,600.0,468200.0,1.0027397256084443,7,summer,0,1,2400.0,2400.0,high
111111,ext_device_1,2022-07-15,2400.0,100.0,100.0,0.0,24,0,100.0,1.0,700.0,600.0,470600.0,1.0027397256084443,7,summer,0,1,2400.0,2400.0,high
111111,ext_device_1,2022-07-16,2400.0,100.0,100.0,0.0,24,0,100.0,1.0,700.0,600.0,473000.0,1.0027397256084443,7,summer,0,1,2400.0,2400.0,high
111111,ext_device_1,2022-07-17,2400.0,100.0,100.0,0.0,24,0,100.0,1.0,700.0,600.0,475400.0,1.0027397256084443,7,summer,0,1,2400.0,2400.0,high
111111,ext_device_1,2022-07-18,2400.0,100.0,100.0,0.0,24,0,100.0,1.0,700.0,600.0,477800.0,1.0027397256084443,7,summer,0,1,2400.0,2400.0,high
111111,ext_device_1,2022-07-19,2400.0,100.0,100.0,0.0,24,0,100.0,1.0,700.0,600.0,480200.0,1.0027397256084443,7,summer,0,1,2400.0,2400.0,high
111111,ext_device_1,2022-07-20,2400.0,100.0,100.0,0.0,24,0,100.0,1.0,700.0,600.0,482600.0,1.0027397256084443,7,summer,0,1,2400.0,2400.0,high
111111,ext_device_1,2022-07-21,2400.0,100.0,100.0,0.0,24,0,100.0,1.0,700.0,600.0,485000.0,1.0027397256084443,7,summer,0,1,2400.0,2400.0,high
111111,ext_device_1,2022-07-22,2400.0,100.0,100.0,0.0,24,0,100.0,1.0,700.0,600.0,487400.0,1.0027397256084443,7,summer,0,1,2400.0,2400.0,high
111111,ext_device_1,2022-07-23,2400.0,100.0,100.0,0.0,24,0,100.0,1.0,700.0,600.0,489800.0,1.0027397256084443,7,summer,0,1,2400.0,2400.0,high
111111,ext_device_1,2022-07-24,2400.0,100.0,100.0,0.0,24,0,100.0,1.0,700.0,600.0,492200.0,1.0027397256084443,7,summer,0,1,2400.0,2400.0,high
111111,ext_device_1,2022-07-25,2400.0,100.0,100.0,0.0,24,0,100.0,1.0,700.0,600.0,494600.0,1.0027397256084443,7,summer,0,1,2400.0,2400.0,high
111111,ext_device_1,2022-07-26,2400.0,100.0,100.0,0.0,24,0,100.0,1.0,700.0,600.0,497000.0,1.0027397256084443,7,summer,0,1,2400.0,2400.0,high
111111,ext_device_1,2022-07-27,2400.0,100.0,100.0,0.0,24,0,100.0,1.0,700.0,600.0,499400.0,1.0027397256084443,7,summer,0,1,2400.0,2400.0,high
111111,ext_device_1,2022-07-28,2400.0,100.0,100.0,0.0,24,0,100.0,1.0,700.0,600.0,501800.0,1.0027397256084443,7,summer,0,1,2400.0,2400.0,high
111111,ext_device_1,2022-07-29,2400.0,100.0,100.0,0.0,24,0,100.0,1.0,700.0,600.0,504200.0,1.0027397256084443,7,summer,0,1,2400.0,2400.0,high
111111,ext_device_1,2022-07-30,2400.0,100.0,100.0,0.0,24,0,100.0,1.0,700.0,600.0,506600.0,1.0027397256084443,7,summer,0,1,2400.0,2400.0,high
111111,ext_device_1,2022-07-31,2400.0,100.0,100.0,0.0,24,0,100.0,1.0,700.0,600.0,509000.0,1.0027397256084443,7,summer,0,1,2400.0,2400.0,high
111111,ext_device_1,2022-08-01,2400.0,100.0,100.0,0.0,24,0,100.0,1.0,700.0,600.0,511400.0,1.0027397256084443,8,summer,0,1,2400.0,2400.0,high
111111,ext_device_1,2022-08-02,2400.0,100.0,100.0,0.0,24,0,100.0,1.0,700.0,600.0,513800.0,1.0027397256084443,8,summer,0,1,2400.0,2400.0,high
111111,ext_device_1,2022-08-03,2400.0,100.0,100.0,0.0,24,0,100.0,1.0,700.0,600.0,516200.0,1.0027397256084443,8,summer,0,1,2400.0,2400.0,high
111111,ext_device_1,2022-08-04,2400.0,100.0,100.0,0.0,24,0,100.0,1.0,700.0,600.0,518600.0,1.0027397256084443,8,summer,0,1,2400.0,2400.0,high
111111,ext_device_1,2022-08-05,2400.0,100.0,100.0,0.0,24,0,100.0,1.0,700.0,600.0,521000.0,1.0027397256084443,8,summer,0,1,2400.0,2400.0,high
111111,ext_device_1,2022-08-06,2400.0,100.0,100.0,0.0,24,0,100.0,1.0,700.0,600.0,523400.0,1.0027397256084443,8,summer,0,1,2400.0,2400.0,high
111111,ext_device_1,2022-08-07,2400.0,100.0,100.0,0.0,24,0,100.0,1.0,700.0,600.0,525800.0,1.0027397256084443,8,summer,0,1,2400.0,2400.0,high
111111,ext_device_1,2022-08-08,2400.0,100.0,100.0,0.0,24,0,100.0,1.0,700.0,600.0,528200.0,1.0027397256084443,8,summer,0,1,2400.0,2400.0,high
111111,ext_device_1,2022-08-09,2400.0,100.0,100.0,0.0,24,0,100.0,1.0,700.0,600.0,530600.0,1.0027397256084443,8,summer,0,1,2400.0,2400.0,high
111111,ext_device_1,2022-08-10,2400.0,100.0,100.0,0.0,24,0,100.0,1.0,700.0,600.0,533000.0,1.0027397256084443,8,summer,0,1,2400.0,2400.0,high
111111,ext_device_1,2022-08-11,2400.0,100.0,100.0,0.0,24,0,100.0,1.0,700.0,600.0,535400.0,1.0027397256084443,8,summer,0,1,2400.0,2400.0,high
111111,ext_device_1,2022-08-12,2400.0,100.0,100.0,0.0,24,0,100.0,1.0,700.0,600.0,537800.0,1.0027397256084443,8,summer,0,1,2400.0,2400.0,high
111111,ext_device_1,2022-08-13,2400.0,100.0,100.0,0.0,24,0,100.0,1.0,700.0,600.0,540200.0,1.0027397256084443,8,summer,0,1,2400.0,2400.0,high
111111,ext_device_1,2022-08-14,2400.0,100.0,100.0,0.0,24,0,100.0,1.0,700.0,600.0,542600.0,1.0027397256084443,8,summer,0,1,2400.0,2400.0,high
111111,ext_device_1,2022-08-15,2400.0,100.0,100.0,0.0,24,0,100.0,1.0,700.0,600.0,545000.0,1.0027397256084443,8,summer,1,1,2400.0,2400.0,high
111111,ext_device_1,2022-08-16,2400.0,100.0,100.0,0.0,24,0,100.0,1.0,700.0,600.0,547400.0,1.0027397256084443,8,summer,0,1,2400.0,2400.0,high
111111,ext_device_1,2022-08-17,2400.0,100.0,100.0,0.0,24,0,100.0,1.0,700.0,600.0,549800.0,1.0027397256084443,8,summer,0,1,2400.0,2400.0,high
111111,ext_device_1,2022-08-18,2400.0,100.0,100.0,0.0,24,0,100.0,1.0,700.0,600.0,552200.0,1.0027397256084443,8,summer,0,1,2400.0,2400.0,high
111111,ext_device_1,2022-08-19,2400.0,100.0,100.0,0.0,24,0,100.0,1.0,700.0,600.0,554600.0,1.0027397256084443,8,summer,0,1,2400.0,2400.0,high
111111,ext_device_1,2022-08-20,2400.0,100.0,100.0,0.0,24,0,100.0,1.0,700.0,600.0,557000.0,1.0027397256084443,8,summer,0,1,2400.0,2400.0,high
111111,ext_device_1,2022-08-21,2400.0,100.0,100.0,0.0,24,0,100.0,1.0,700.0,600.0,559400.0,1.0027397256084443,8,summer,0,1,2400.0,2400.0,high
111111,ext_device_1,2022-08-22,2400.0,100.0,100.0,0.0,24,0,100.0,1.0,700.0,600.0,561800.0,1.0027397256084443,8,summer,0,1,2400.0,2400.0,high
111111,ext_device_1,2022-08-23,2400.0,100.0,100.0,0.0,24,0,100.0,1.0,700.0,600.0,564200.0,1.0027397256084443,8,summer,0,1,2400.0,2400.0,high
111111,ext_device_1,2022-08-24,2400.0,100.0,100.0,0.0,24,0,100.0,1.0,700.0,600.0,566600.0,1.0027397256084443,8,summer,0,1,2400.0,2400.0,high
111111,ext_device_1,2022-08-25,2400.0,100.0,100.0,0.0,24,0,100.0,1.0,700.0,600.0,569000.0,1.0027397256084443,8,summer,0,1,2400.0,2400.0,high
111111,ext_device_1,2022-08-26,2400.0,100.0,100.0,0.0,24,0,100.0,1.0,700.0,600.0,571400.0,1.0027397256084443,8,summer,0,1,2400.0,2400.0,high
111111,ext_device_1,2022-08-27,2400.0,100.0,100.0,0.0,24,0,100.0,1.0,700.0,600.0,573800.0,1.0027397256084443,8,summer,0,1,2400.0,2400.0,high
111111,ext_device_1,2022-08-28,2400.0,100.0,100.0,0.0,24,0,100.0,1.0,700.0,600.0,576200.0,1.0027397256084443,8,summer,0,1,2400.0,2400.0,high
111111,ext_device_1,2022-08-29,2400.0,100.0,100.0,0.0,24,0,100.0,1.0,700.0,600.0,578600.0,1.0027397256084443,8,summer,0,1,2400.0,2400.0,high
111111,ext_device_1,2022-08-30,2400.0,100.0,100.0,0.0,24,0,100.0,1.0,700.0,600.0,581000.0,1.0027397256084443,8,summer,0,1,2400.0,2400.0,high
111111,ext_device_1,2022-08-31,2400.0,100.0,100.0,0.0,24,0,100.0,1.0,700.0,600.0,583400.0,1.0027397256084443,8,summer,0,1,2400.0,2400.0,high
111111,ext_device_1,2022-09-01,2400.0,100.0,100.0,0.0,24,0,100.0,1.0,700.0,600.0,585800.0,1.0027397256084443,9,fall,0,0,2400.0,2400.0,high
111111,ext_device_1,2022-09-02,2400.0,100.0,100.0,0.0,24,0,100.0,1.0,700.0,600.0,588200.0,1.0027397256084443,9,fall,0,0,2400.0,2400.0,high
111111,ext_device_1,2022-09-03,2400.0,100.0,100.0,0.0,24,0,100.0,1.0,700.0,600.0,590600.0,1.0027397256084443,9,fall,0,0,2400.0,2400.0,high
111111,ext_device_1,2022-09-04,2400.0,100.0,100.0,0.0,24,0,100.0,1.0,700.0,600.0,593000.0,1.0027397256084443,9,fall,0,0,2400.0,2400.0,high
111111,ext_device_1,2022-09-05,2400.0,100.0,100.0,0.0,24,0,100.0,1.0,700.0,600.0,595400.0,1.0027397256084443,9,fall,0,0,2400.0,2400.0,high
111111,ext_device_1,2022-09-06,2400.0,100.0,100.0,0.0,24,0,100.0,1.0,700.0,600.0,597800.0,1.0027397256084443,9,fall,0,0,2400.0,2400.0,high
111111,ext_device_1,2022-09-07,2400.0,100.0,100.0,0.0,24,0,100.0,1.0,700.0,600.0,600200.0,1.0027397256084443,9,fall,0,0,2400.0,2400.0,high
111111,ext_device_1,2022-09-08,2400.0,100.0,100.0,0.0,24,0,100.0,1.0,700.0,600.0,602600.0,1.0027397256084443,9,fall,0,0,2400.0,2400.0,high
111111,ext_device_1,2022-09-09,2400.0,100.0,100.0,0.0,24,0,100.0,1.0,700.0,600.0,605000.0,1.0027397256084443,9,fall,0,0,2400.0,2400.0,high
111111,ext_device_1,2022-09-10,2400.0,100.0,100.0,0.0,24,0,100.0,1.0,700.0,600.0,607400.0,1.0027397256084443,9,fall,0,0,2400.0,2400.0,high
111111,ext_device_1,2022-09-11,2400.0,100.0,100.0,0.0,24,0,100.0,1.0,700.0,600.0,609800.0,1.0027397256084443,9,fall,0,0,2400.0,2400.0,high
111111,ext_device_1,2022-09-12,2400.0,100.0,100.0,0.0,24,0,100.0,1.0,700.0,600.0,612200.0,1.0027397256084443,9,fall,0,0,2400.0,2400.0,high
111111,ext_device_1,2022-09-13,2400.0,100.0,100.0,0.0,24,0,100.0,1.0,700.0,600.0,614600.0,1.0027397256084443,9,fall,0,0,2400.0,2400.0,high
111111,ext_device_1,2022-09-14,2400.0,100.0,100.0,0.0,24,0,100.0,1.0,700.0,600.0,617000.0,1.0027397256084443,9,fall,0,0,2400.0,2400.0,high
111111,ext_device_1,2022-09-15,2400.0,100.0,100.0,0.0,24,0,100.0,1.0,700.0,600.0,619400.0,1.0027397256084443,9,fall,0,0,2400.0,2400.0,high
111111,ext_device_1,2022-09-16,2400.0,100.0,100.0,0.0,24,0,100.0,1.0,700.0,600.0,621800.0,1.0027397256084443,9,fall,0,0,2400.0,2400.0,high
111111,ext_device_1,2022-09-17,2400.0,100.0,100.0,0.0,24,0,100.0,1.0,700.0,600.0,624200.0,1.0027397256084443,9,fall,0,0,2400.0,2400.0,high
111111,ext_device_1,2022-09-18,2400.0,100.0,100.0,0.0,24,0,100.0,1.0,700.0,600.0,626600.0,1.0027397256084443,9,fall,0,0,2400.0,2400.0,high
111111,ext_device_1,2022-09-19,2400.0,100.0,100.0,0.0,24,0,100.0,1.0,700.0,600.0,629000.0,1.0027397256084443,9,fall,0,0,2400.0,2400.0,high
111111,ext_device_1,2022-09-20,2400.0,100.0,100.0,0.0,24,0,100.0,1.0,700.0,600.0,631400.0,1.0027397256084443,9,fall,0,0,2400.0,2400.0,high
111111,ext_device_1,2022-09-21,2400.0,100.0,100.0,0.0,24,0,100.0,1.0,700.0,600.0,633800.0,1.0027397256084443,9,fall,0,0,2400.0,2400.0,high
111111,ext_device_1,2022-09-22,2400.0,100.0,100.0,0.0,24,0,100.0,1.0,700.0,600.0,636200.0,1.0027397256084443,9,fall,0,0,2400.0,2400.0,high
111111,ext_device_1,2022-09-23,2400.0,100.0,100.0,0.0,24,0,100.0,1.0,700.0,600.0,638600.0,1.0027397256084443,9,fall,0,0,2400.0,2400.0,high
111111,ext_device_1,2022-09-24,2400.0,100.0,100.0,0.0,24,0,100.0,1.0,700.0,600.0,641000.0,1.0027397256084443,9,fall,0,0,2400.0,2400.0,high
111111,ext_device_1,2022-09-25,2400.0,100.0,100.0,0.0,24,0,100.0,1.0,700.0,600.0,643400.0,1.0027397256084443,9,fall,0,0,2400.0,2400.0,high
111111,ext_device_1,2022-09-26,2400.0,100.0,100.0,0.0,24,0,100.0,1.0,700.0,600.0,645800.0,1.0027397256084443,9,fall,0,0,2400.0,2400.0,high
111111,ext_device_1,2022-09-27,2400.0,100.0,100.0,0.0,24,0,100.0,1.0,700.0,600.0,648200.0,1.0027397256084443,9,fall,0,0,2400.0,2400.0,high
111111,ext_device_1,2022-09-28,2400.0,100.0,100.0,0.0,24,0,100.0,1.0,700.0,600.0,650600.0,1.0027397256084443,9,fall,0,0,2400.0,2400.0,high
111111,ext_device_1,2022-09-29,2400.0,100.0,100.0,0.0,24,0,100.0,1.0,700.0,600.0,653000.0,1.0027397256084443,9,fall,0,0,2400.0,2400.0,high
111111,ext_device_1,2022-09-30,2400.0,100.0,100.0,0.0,24,0,100.0,1.0,700.0,600.0,655400.0,1.0027397256084443,9,fall,0,0,2400.0,2400.0,high
111111,ext_device_1,2022-10-01,2400.0,100.0,100.0,0.0,24,0,100.0,1.0,700.0,600.0,657800.0,1.0027397256084443,10,fall,0,0,2400.0,2400.0,high
111111,ext_device_1,2022-10-02,2400.0,100.0,100.0,0.0,24,0,100.0,1.0,700.0,600.0,660200.0,1.0027397256084443,10,fall,0,0,2400.0,2400.0,high
111111,ext_device_1,2022-10-03,2400.0,100.0,100.0,0.0,24,0,100.0,1.0,700.0,600.0,662600.0,1.0027397256084443,10,fall,0,0,2400.0,2400.0,high
111111,ext_device_1,2022-10-04,2400.0,100.0,100.0,0.0,24,0,100.0,1.0,700.0,600.0,665000.0,1.0027397256084443,10,fall,0,0,2400.0,2400.0,high
111111,ext_device_1,2022-10-05,2400.0,100.0,100.0,0.0,24,0,100.0,1.0,700.0,600.0,667400.0,1.0027397256084443,10,fall,0,0,2400.0,2400.0,high
111111,ext_device_1,2022-10-06,2400.0,100.0,100.0,0.0,24,0,100.0,1.0,700.0,600.0,669800.0,1.0027397256084443,10,fall,0,0,2400.0,2400.0,high
111111,ext_device_1,2022-10-07,2400.0,100.0,100.0,0.0,24,0,100.0,1.0,700.0,600.0,672200.0,1.0027397256084443,10,fall,0,0,2400.0,2400.0,high
111111,ext_device_1,2022-10-08,2400.0,100.0,100.0,0.0,24,0,100.0,1.0,700.0,600.0,674600.0,1.0027397256084443,10,fall,0,0,2400.0,2400.0,high
111111,ext_device_1,2022-10-09,2400.0,100.0,100.0,0.0,24,0,100.0,1.0,700.0,600.0,677000.0,1.0027397256084443,10,fall,0,0,2400.0,2400.0,high
111111,ext_device_1,2022-10-10,2400.0,100.0,100.0,0.0,24,0,100.0,1.0,700.0,600.0,679400.0,1.0027397256084443,10,fall,0,0,2400.0,2400.0,high
111111,ext_device_1,2022-10-11,2400.0,100.0,100.0,0.0,24,0,100.0,1.0,700.0,600.0,681800.0,1.0027397256084443,10,fall,0,0,2400.0,2400.0,high
111111,ext_device_1,2022-10-12,2400.0,100.0,100.0,0.0,24,0,100.0,1.0,700.0,600.0,684200.0,1.0027397256084443,10,fall,0,0,2400.0,2400.0,high
111111,ext_device_1,2022-10-13,2400.0,100.0,100.0,0.0,24,0,100.0,1.0,700.0,600.0,686600.0,1.0027397256084443,10,fall,0,0,2400.0,2400.0,high
111111,ext_device_1,2022-10-14,2400.0,100.0,100.0,0.0,24,0,100.0,1.0,700.0,600.0,689000.0,1.0027397256084443,10,fall,0,0,2400.0,2400.0,high
111111,ext_device_1,2022-10-15,2400.0,100.0,100.0,0.0,24,0,100.0,1.0,700.0,600.0,691400.0,1.0027397256084443,10,fall,0,0,2400.0,2400.0,high
111111,ext_device_1,2022-10-16,2400.0,100.0,100.0,0.0,24,0,100.0,1.0,700.0,600.0,693800.0,1.0027397256084443,10,fall,0,0,2400.0,2400.0,high
111111,ext_device_1,2022-10-17,2400.0,100.0,100.0,0.0,24,0,100.0,1.0,700.0,600.0,696200.0,1.0027397256084443,10,fall,0,0,2400.0,2400.0,high
111111,ext_device_1,2022-10-18,2400.0,100.0,100.0,0.0,24,0,100.0,1.0,700.0,600.0,698600.0,1.0027397256084443,10,fall,0,0,2400.0,2400.0,high
111111,ext_device_1,2022-10-19,2400.0,100.0,100.0,0.0,24,0,100.0,1.0,700.0,600.0,701000.0,1.0027397256084443,10,fall,0,0,2400.0,2400.0,high
111111,ext_device_1,2022-10-20,2400.0,100.0,100.0,0.0,24,0,100.0,1.0,700.0,600.0,703400.0,1.0027397256084443,10,fall,0,0,2400.0,2400.0,high
111111,ext_device_1,2022-10-21,2400.0,100.0,100.0,0.0,24,0,100.0,1.0,700.0,600.0,705800.0,1.0027397256084443,10,fall,0,0,2400.0,2400.0,high
111111,ext_device_1,2022-10-22,2400.0,100.0,100.0,0.0,24,0,100.0,1.0,700.0,600.0,708200.0,1.0027397256084443,10,fall,0,0,2400.0,2400.0,high
111111,ext_device_1,2022-10-23,2400.0,100.0,100.0,0.0,24,0,100.0,1.0,700.0,600.0,710600.0,1.0027397256084443,10,fall,0,0,2400.0,2400.0,high
111111,ext_device_1,2022-10-24,2400.0,100.0,100.0,0.0,24,0,100.0,1.0,700.0,600.0,713000.0,1.0027397256084443,10,fall,0,0,2400.0,2400.0,high
111111,ext_device_1,2022-10-25,2400.0,100.0,100.0,0.0,24,0,100.0,1.0,700.0,600.0,715400.0,1.0027397256084443,10,fall,0,0,2400.0,2400.0,high
111111,ext_device_1,2022-10-26,2400.0,100.0,100.0,0.0,24,0,100.0,1.0,700.0,600.0,717800.0,1.0027397256084443,10,fall,0,0,2400.0,2400.0,high
111111,ext_device_1,2022-10-27,2400.0,100.0,100.0,0.0,24,0,100.0,1.0,700.0,600.0,720200.0,1.0027397256084443,10,fall,0,0,2400.0,2400.0,high
111111,ext_device_1,2022-10-28,2400.0,100.0,100.0,0.0,24,0,100.0,1.0,700.0,600.0,722600.0,1.0027397256084443,10,fall,0,0,2400.0,2400.0,high
111111,ext_device_1,2022-10-29,2400.0,100.0,100.0,0.0,24,0,100.0,1.0,700.0,600.0,725000.0,1.0027397256084443,10,fall,0,0,2400.0,2400.0,high
111111,ext_device_1,2022-10-30,2400.0,104.34782608695652,200.0,20.85144140570748,23,0,200.0,1.9166666666666667,800.0,500.0,727400.0,1.0027397256084443,10,fall,0,0,2400.0,2400.0,high
111111,ext_device_1,2022-10-31,2400.0,100.0,100.0,0.0,24,0,100.0,1.0,700.0,600.0,729800.0,1.0027397256084443,10,fall,0,0,2400.0,2400.0,high
111111,ext_device_1,2022-11-01,2400.0,100.0,100.0,0.0,24,0,100.0,1.0,700.0,600.0,732200.0,1.0027397256084443,11,fall,1,0,2400.0,2400.0,high
111111,ext_device_1,2022-11-02,2400.0,100.0,100.0,0.0,24,0,100.0,1.0,700.0,600.0,734600.0,1.0027397256084443,11,fall,1,0,2400.0,2400.0,high
111111,ext_device_1,2022-11-03,2400.0,100.0,100.0,0.0,24,0,100.0,1.0,700.0,600.0,737000.0,1.0027397256084443,11,fall,0,0,2400.0,2400.0,high
111111,ext_device_1,2022-11-04,2400.0,100.0,100.0,0.0,24,0,100.0,1.0,700.0,600.0,739400.0,1.0027397256084443,11,fall,0,0,2400.0,2400.0,high
111111,ext_device_1,2022-11-05,2400.0,100.0,100.0,0.0,24,0,100.0,1.0,700.0,600.0,741800.0,1.0027397256084443,11,fall,0,0,2400.0,2400.0,high
111111,ext_device_1,2022-11-06,2400.0,100.0,100.0,0.0,24,0,100.0,1.0,700.0,600.0,744200.0,1.0027397256084443,11,fall,0,0,2400.0,2400.0,high
111111,ext_device_1,2022-11-07,2400.0,100.0,100.0,0.0,24,0,100.0,1.0,700.0,600.0,746600.0,1.0027397256084443,11,fall,0,0,2400.0,2400.0,high
111111,ext_device_1,2022-11-08,2400.0,100.0,100.0,0.0,24,0,100.0,1.0,700.0,600.0,749000.0,1.0027397256084443,11,fall,0,0,2400.0,2400.0,high
111111,ext_device_1,2022-11-09,2400.0,100.0,100.0,0.0,24,0,100.0,1.0,700.0,600.0,751400.0,1.0027397256084443,11,fall,0,0,2400.0,2400.0,high
111111,ext_device_1,2022-11-10,2400.0,100.0,100.0,0.0,24,0,100.0,1.0,700.0,600.0,753800.0,1.0027397256084443,11,fall,0,0,2400.0,2400.0,high
111111,ext_device_1,2022-11-11,2400.0,100.0,100.0,0.0,24,0,100.0,1.0,700.0,600.0,756200.0,1.0027397256084443,11,fall,0,0,2400.0,2400.0,high
111111,ext_device_1,2022-11-12,2400.0,100.0,100.0,0.0,24,0,100.0,1.0,700.0,600.0,758600.0,1.0027397256084443,11,fall,0,0,2400.0,2400.0,high
111111,ext_device_1,2022-11-13,2400.0,100.0,100.0,0.0,24,0,100.0,1.0,700.0,600.0,761000.0,1.0027397256084443,11,fall,0,0,2400.0,2400.0,high
111111,ext_device_1,2022-11-14,2400.0,100.0,100.0,0.0,24,0,100.0,1.0,700.0,600.0,763400.0,1.0027397256084443,11,fall,0,0,2400.0,2400.0,high
111111,ext_device_1,2022-11-15,2400.0,100.0,100.0,0.0,24,0,100.0,1.0,700.0,600.0,765800.0,1.0027397256084443,11,fall,0,0,2400.0,2400.0,high
111111,ext_device_1,2022-11-16,2400.0,100.0,100.0,0.0,24,0,100.0,1.0,700.0,600.0,768200.0,1.0027397256084443,11,fall,0,0,2400.0,2400.0,high
111111,ext_device_1,2022-11-17,2400.0,100.0,100.0,0.0,24,0,100.0,1.0,700.0,600.0,770600.0,1.0027397256084443,11,fall,0,0,2400.0,2400.0,high
111111,ext_device_1,2022-11-18,2400.0,100.0,100.0,0.0,24,0,100.0,1.0,700.0,600.0,773000.0,1.0027397256084443,11,fall,0,0,2400.0,2400.0,high
111111,ext_device_1,2022-11-19,2400.0,100.0,100.0,0.0,24,0,100.0,1.0,700.0,600.0,775400.0,1.0027397256084443,11,fall,0,0,2400.0,2400.0,high
111111,ext_device_1,2022-11-20,2400.0,100.0,100.0,0.0,24,0,100.0,1.0,700.0,600.0,777800.0,1.0027397256084443,11,fall,0,0,2400.0,2400.0,high
111111,ext_device_1,2022-11-21,2400.0,100.0,100.0,0.0,24,0,100.0,1.0,700.0,600.0,780200.0,1.0027397256084443,11,fall,0,0,2400.0,2400.0,high
111111,ext_device_1,2022-11-22,2400.0,100.0,100.0,0.0,24,0,100.0,1.0,700.0,600.0,782600.0,1.0027397256084443,11,fall,0,0,2400.0,2400.0,high
111111,ext_device_1,2022-11-23,2400.0,100.0,100.0,0.0,24,0,100.0,1.0,700.0,600.0,785000.0,1.0027397256084443,11,fall,0,0,2400.0,2400.0,high
111111,ext_device_1,2022-11-24,2400.0,100.0,100.0,0.0,24,0,100.0,1.0,700.0,600.0,787400.0,1.0027397256084443,11,fall,0,0,2400.0,2400.0,high
111111,ext_device_1,2022-11-25,2400.0,100.0,100.0,0.0,24,0,100.0,1.0,700.0,600.0,789800.0,1.0027397256084443,11,fall,0,0,2400.0,2400.0,high
111111,ext_device_1,2022-11-26,2400.0,100.0,100.0,0.0,24,0,100.0,1.0,700.0,600.0,792200.0,1.0027397256084443,11,fall,0,0,2400.0,2400.0,high
111111,ext_device_1,2022-11-27,2400.0,100.0,100.0,0.0,24,0,100.0,1.0,700.0,600.0,794600.0,1.0027397256084443,11,fall,0,0,2400.0,2400.0,high
111111,ext_device_1,2022-11-28,2400.0,100.0,100.0,0.0,24,0,100.0,1.0,700.0,600.0,797000.0,1.0027397256084443,11,fall,0,0,2400.0,2400.0,high
111111,ext_device_1,2022-11-29,2400.0,100.0,100.0,0.0,24,0,100.0,1.0,700.0,600.0,799400.0,1.0027397256084443,11,fall,0,0,2400.0,2400.0,high
111111,ext_device_1,2022-11-30,2400.0,100.0,100.0,0.0,24,0,100.0,1.0,700.0,600.0,801800.0,1.0027397256084443,11,fall,0,0,2400.0,2400.0,high
111111,ext_device_1,2022-12-01,2400.0,100.0,100.0,0.0,24,0,100.0,1.0,700.0,600.0,804200.0,1.0027397256084443,12,winter,0,0,2400.0,2400.0,high
111111,ext_device_1,2022-12-02,2400.0,100.0,100.0,0.0,24,0,100.0,1.0,700.0,600.0,806600.0,1.0027397256084443,12,winter,0,0,2400.0,2400.0,high
111111,ext_device_1,2022-12-03,2400.0,100.0,100.0,0.0,24,0,100.0,1.0,700.0,600.0,809000.0,1.0027397256084443,12,winter,0,0,2400.0,2400.0,high
111111,ext_device_1,2022-12-04,2400.0,100.0,100.0,0.0,24,0,100.0,1.0,700.0,600.0,811400.0,1.0027397256084443,12,winter,0,0,2400.0,2400.0,high
111111,ext_device_1,2022-12-05,2400.0,100.0,100.0,0.0,24,0,100.0,1.0,700.0,600.0,813800.0,1.0027397256084443,12,winter,0,0,2400.0,2400.0,high
111111,ext_device_1,2022-12-06,2400.0,100.0,100.0,0.0,24,0,100.0,1.0,700.0,600.0,816200.0,1.0027397256084443,12,winter,0,0,2400.0,2400.0,high
111111,ext_device_1,2022-12-07,2400.0,100.0,100.0,0.0,24,0,100.0,1.0,700.0,600.0,818600.0,1.0027397256084443,12,winter,0,0,2400.0,2400.0,high
111111,ext_device_1,2022-12-08,2400.0,100.0,100.0,0.0,24,0,100.0,1.0,700.0,600.0,821000.0,1.0027397256084443,12,winter,0,0,2400.0,2400.0,high
111111,ext_device_1,2022-12-09,2400.0,100.0,100.0,0.0,24,0,100.0,1.0,700.0,600.0,823400.0,1.0027397256084443,12,winter,0,0,2400.0,2400.0,high
111111,ext_device_1,2022-12-10,2400.0,100.0,100.0,0.0,24,0,100.0,1.0,700.0,600.0,825800.0,1.0027397256084443,12,winter,0,0,2400.0,2400.0,high
111111,ext_device_1,2022-12-11,2400.0,100.0,100.0,0.0,24,0,100.0,1.0,700.0,600.0,828200.0,1.0027397256084443,12,winter,0,0,2400.0,2400.0,high
111111,ext_device_1,2022-12-12,2400.0,100.0,100.0,0.0,24,0,100.0,1.0,700.0,600.0,830600.0,1.0027397256084443,12,winter,0,0,2400.0,2400.0,high
111111,ext_device_1,2022-12-13,2400.0,100.0,100.0,0.0,24,0,100.0,1.0,700.0,600.0,833000.0,1.0027397256084443,12,winter,0,0,2400.0,2400.0,high
111111,ext_device_1,2022-12-14,2400.0,100.0,100.0,0.0,24,0,100.0,1.0,700.0,600.0,835400.0,1.0027397256084443,12,winter,0,0,2400.0,2400.0,high
111111,ext_device_1,2022-12-15,2400.0,100.0,100.0,0.0,24,0,100.0,1.0,700.0,600.0,837800.0,1.0027397256084443,12,winter,0,0,2400.0,2400.0,high
111111,ext_device_1,2022-12-16,2400.0,100.0,100.0,0.0,24,0,100.0,1.0,700.0,600.0,840200.0,1.0027397256084443,12,winter,0,0,2400.0,2400.0,high
111111,ext_device_1,2022-12-17,2400.0,100.0,100.0,0.0,24,0,100.0,1.0,700.0,600.0,842600.0,1.0027397256084443,12,winter,0,0,2400.0,2400.0,high
111111,ext_device_1,2022-12-18,2400.0,100.0,100.0,0.0,24,0,100.0,1.0,700.0,600.0,845000.0,1.0027397256084443,12,winter,0,0,2400.0,2400.0,high
111111,ext_device_1,2022-12-19,2400.0,100.0,100.0,0.0,24,0,100.0,1.0,700.0,600.0,847400.0,1.0027397256084443,12,winter,0,0,2400.0,2400.0,high
111111,ext_device_1,2022-12-20,2400.0,100.0,100.0,0.0,24,0,100.0,1.0,700.0,600.0,849800.0,1.0027397256084443,12,winter,0,0,2400.0,2400.0,high
111111,ext_device_1,2022-12-21,2400.0,100.0,100.0,0.0,24,0,100.0,1.0,700.0,600.0,852200.0,1.0027397256084443,12,winter,0,0,2400.0,2400.0,high
111111,ext_device_1,2022-12-22,2400.0,100.0,100.0,0.0,24,0,100.0,1.0,700.0,600.0,854600.0,1.0027397256084443,12,winter,0,0,2400.0,2400.0,high
111111,ext_device_1,2022-12-23,2400.0,100.0,100.0,0.0,24,0,100.0,1.0,700.0,600.0,857000.0,1.0027397256084443,12,winter,0,0,2400.0,2400.0,high
111111,ext_device_1,2022-12-24,2400.0,100.0,100.0,0.0,24,0,100.0,1.0,700.0,600.0,859400.0,1.0027397256084443,12,winter,1,0,2400.0,2400.0,high
111111,ext_device_1,2022-12-25,2400.0,100.0,100.0,0.0,24,0,100.0,1.0,700.0,600.0,861800.0,1.0027397256084443,12,winter,1,0,2400.0,2400.0,high
111111,ext_device_1,2022-12-26,2400.0,100.0,100.0,0.0,24,0,100.0,1.0,700.0,600.0,864200.0,1.0027397256084443,12,winter,1,0,2400.0,2400.0,high
111111,ext_device_1,2022-12-27,2400.0,100.0,100.0,0.0,24,0,100.0,1.0,700.0,600.0,866600.0,1.0027397256084443,12,winter,0,0,2400.0,2400.0,high
111111,ext_device_1,2022-12-28,2400.0,100.0,100.0,0.0,24,0,100.0,1.0,700.0,600.0,869000.0,1.0027397256084443,12,winter,0,0,2400.0,2400.0,high
111111,ext_device_1,2022-12-29,2400.0,100.0,100.0,0.0,24,0,100.0,1.0,700.0,600.0,871400.0,1.0027397256084443,12,winter,0,0,2400.0,2400.0,high
111111,ext_device_1,2022-12-30,2400.0,100.0,100.0,0.0,24,0,100.0,1.0,700.0,600.0,873800.0,1.0027397256084443,12,winter,0,0,2400.0,2400.0,high
111111,ext_device_1,2022-12-31,2200.0,100.0,100.0,0.0,22,0,100.0,1.0,700.0,400.0,876000.0,0.9191780818077406,12,winter,0,0,2371.428571,2393.333333,high
